{
  "A": "Augsburg",
  "AA": "Aalen & Ostalbkreis",
  "AB": "Aschaffenburg",
  "ABG": "Altenburger Land",
  "AC": "Aachen",
  "AH": "Ahaus",
  "AIB": "Bad Aibling",
  "AIC": "Aichach-Friedberg",
  "AE": "Auerbach",
  "AK": "Altenkirchen (Westerwald)",
  "AL": "Altena",
  "ALF": "Alfeld",
  "ALS": "Alsfeld",
  "ALZ": "Alzenau",
  "AM": "Amberg",
  "AN": "Ansbach",
  "ANA": "Annaberg-Buchholz",
  "ANG": "Angermünde",
  "ANK": "Anklam",
  "AÖ": "Altötting",
  "AP": "Apolda & Weimarer Land",
  "APD": "Apolda",
  "AR": "Arnsberg",
  "ARN": "Arnstadt",
  "ART": "Artern",
  "AS": "Amberg-Sulzbach",
  "ASD": "Aschendorf",
  "ASL": "Aschersleben-Staßfurter Landkreis",
  "ASZ": "Aue-Schwarzenberg",
  "AT": "Alten-Treptow",
  "AU": "Aue",
  "AUR": "Aurich",
  "AW": "Ahrweiler",
  "AZ": "Alzey-Worms",
  "AZE": "Anhalt-Zerbst",
  "B": "Berlin",
  "BA": "Bamberg",
  "BAD": "Baden-Baden",
  "BAR": "Barnim (Eberswalde)",
  "BB": "Böblingen",
  "BBG": "Bernburg",
  "BBL": "Brandenburg Land official vehicles",
  "BC": "Biberach",
  "BCH": "Buchen",
  "BD": "Federal German government vehicles",
  "BE": "Bechum",
  "BED": "Brand-Erbisdorf",
  "BEI": "Beilingries",
  "BEL": "Blezig",
  "BER": "Bernau",
  "BF": "Burgsteinfurt",
  "BG": "Border police vehicles",
  "BGD": "Berchtesgaden",
  "BGL": "Berchtesgardener Land",
  "BH": "Bühl",
  "BI": "Bielefeld",
  "BID": "Biedenkopf",
  "BIN": "Bingen",
  "BIR": "Birkenfeld",
  "BIT": "Bitburg-Prüm",
  "BIW": "Bischofswerda",
  "BK": "Bicknang",
  "BKS": "Bernkastel",
  "BL": "Balingen & Zollernalbkreis",
  "BLB": "Bad Berleburg",
  "BLK": "Burgenlandkreis",
  "BM": "Bergheim & Erftkreis",
  "BN": "Bonn",
  "BNA": "Borna",
  "BO": "Bochum",
  "BÖ": "Bördekreis",
  "BOG": "Bogen",
  "BOH": "Bocholt",
  "BOR": "Borken",
  "BOT": "Bottrop",
  "BP": "Postal authority vehicles (Bundespost)",
  "BR": "Bruchsal",
  "BRA": "Brake (Unterweser) & Wesermarsch",
  "BRB": "Brandenburg",
  "BRG": "Burg",
  "BRI": "Brilon",
  "BRK": "Bad Brückenau",
  "BRL": "Braunlage",
  "BRV": "Bremervörde",
  "BS": "Brunswick (Braunschweig)",
  "BSB": "Bersenbrück",
  "BSK": "Beeskow",
  "BT": "Bayreuth",
  "BTF": "Bitterfeld",
  "BU": "Burgdorf",
  "BÜD": "Büdingen",
  "BUL": "Burglengenfeld",
  "BUR": "Buren",
  "BÜS": "Büsingen & Konstanz",
  "BÜZ": "Bützow",
  "BW": "Maritime authority vehicles",
  "BWL": "Badem-Württemberg Land official vehicles",
  "BYL": "Bavaria State (Bayern Land) official vehicles",
  "BZ": "Bautzen",
  "BZA": "Bergzabern",
  "C": "Chemnitz",
  "CA": "Calau",
  "CAS": "Castrop-Rauxel",
  "CB": "Cottbus",
  "CE": "Celle",
  "CHA": "Cham",
  "CHL": "Chemnitzer Land",
  "CLP": "Cloppenburg",
  "CLZ": "Clausthal-Zellerfeld",
  "CO": "Coburg",
  "COC": "Cochem-Zell",
  "COE": "Coesfeld",
  "CR": "Crailsheim",
  "CT": "Cottbus",
  "CUX": "Cuxhaven",
  "CW": "Calw",
  "D": "Düsseldorf",
  "DA": "Darmstadt & Darmstadt-Dieburg",
  "DAH": "Dachau",
  "DAN": "Lüchow-Dannenberg",
  "DAU": "Daun",
  "DB": "Rail authority vehicles (Deutsche Bundesbahn)",
  "DBR": "Bad Doberan",
  "DD": "Dresden",
  "DE": "Dessau",
  "DEG": "Deggendorf",
  "DEL": "Delmenhorst",
  "DG": "Donaueschingen",
  "DGF": "Dingolfing-Landau",
  "DH": "Diepholz",
  "DI": "Dieburg",
  "DIL": "Dillenburg",
  "DIN": "Dinslaken",
  "DIZ": "Diez",
  "DKB": "Dinkelsbühl",
  "DL": "Döbeln",
  "DLG": "Dillingen an der Donau",
  "DM": "Demmin",
  "DN": "Düren",
  "DO": "Dortmund",
  "DON": "Donau-Ries",
  "DS": "Donaueschingen",
  "DT": "Detmold & Lippe",
  "DU": "Duisburg",
  "DUD": "Duderstadt",
  "DÜW": "Bad Dürkheim & Weinstraße",
  "DW": "Dippoldiswalde & Weißeritzkreis",
  "DZ": "Delitzsch",
  "E": "Essen",
  "EA": "Eisenach",
  "EB": "Eilenburg",
  "EBE": "Ebersberg",
  "EBN": "Ebern",
  "EBS": "Ebermannstadt",
  "ECK": "Eckernförde",
  "ED": "Erding",
  "EE": "Elbe-Elster",
  "EF": "Erfurt",
  "EG": "Eggenfelden",
  "EH": "Eisenhüttenstadt",
  "EHI": "Ehingen",
  "EI": "Eichstätt",
  "EIC": "Eichsfeld",
  "EIH": "Eichstätt",
  "EIL": "Eisleben",
  "EIN": "Einbeck",
  "EIS": "Eisenberg",
  "EL": "Emsland",
  "EM": "Emmendingen",
  "EMD": "Emden",
  "EMS": "Bad Ems & Rhein-Lahn-Kreis",
  "EN": "Ennepe-Ruhr-Kreis",
  "ER": "Erlangen",
  "ERB": "Erbach & Oldenwaldkreis",
  "ERH": "Erlangen-Höchstadt",
  "ERK": "Erkelenz",
  "ES": "Esslingen",
  "ESA": "Eisenach",
  "ESB": "Eschenbach",
  "ESW": "Eschwege & Werra-Meißner-Kreis",
  "EU": "Euskirchen",
  "EUT": "Eutin",
  "EW": "Eberswalde",
  "F": "Frankfurt am Main",
  "FAL": "Fallingbostel",
  "FB": "Friedberg (Hessen) & Wetteraukreis",
  "FD": "Fulda",
  "FDB": "Friedberg bei Augsburg",
  "FDS": "Freudenstadt",
  "FEU": "Feuchtwangen",
  "FF": "Frankfurt-an-der-Oder",
  "FFB": "Fürstenfeldbruck",
  "FG": "Freiberg",
  "FH": "Frankfurt am Main/Höchst",
  "FI": "Finsterwalde",
  "FKB": "Frankenberg",
  "FL": "Flensburg",
  "FLÖ": "Flöha",
  "FN": "Friedrichshafen & Bodenseekreis",
  "FO": "Forchheim",
  "FOR": "Forst",
  "FR": "Freiburg im Breisgau & Breisgau-Hochschwarzwald",
  "FRG": "Freyung-Grafenau",
  "FRI": "Friesland",
  "FRW": "Bad Freienwalde",
  "FS": "Freising",
  "FT": "Frankenthal (Pfalz)",
  "FTL": "Freital",
  "FÜ": "Fürth",
  "FÜS": "Füssen",
  "FW": "Fürstenwalde",
  "FZ": "Fritzlar",
  "G": "Gera",
  "GA": "Gardelegen",
  "GAN": "Bad Gandersheim",
  "GAP": "Garmisch-Partenkirchen",
  "GC": "Glauchau & Chemnitzer Land",
  "GD": "Gmünd",
  "GDB": "Gadesbusch",
  "GE": "Gelsenkirchen",
  "GEL": "Geldern",
  "GEM": "Gemünden",
  "GEO": "Gerolzhofen",
  "GER": "Germersheim",
  "GF": "Gifhorn",
  "GG": "Groß-Gerau",
  "GHA": "Geithain",
  "GHC": "Gräfenhainichen",
  "GI": "Gießen",
  "GK": "Geilenkirchen",
  "GL": "Bergisch-Gladbach & Rheinisch-Bergischer Kreis",
  "GLA": "Gladbeck",
  "GM": "Gummersbach & Oberbergischer Kreis",
  "GMN": "Grimmen",
  "GN": "Gelnhausen",
  "GNT": "Genthin",
  "GÖ": "Göttingen",
  "GOA": "St Goar",
  "GOH": "St Goarshausen",
  "GP": "Göppingen",
  "GR": "Görlitz",
  "GRA": "Grafenau",
  "GRH": "Grossenheim",
  "GRI": "Griesbach",
  "GRM": "Grimma",
  "GRS": "Gransee",
  "GRZ": "Greiz",
  "GS": "Goslar",
  "GT": "Gütersloh",
  "GTH": "Gotha",
  "GÜ": "Güstrow",
  "GUB": "Guben",
  "GUN": "Gunzenhausen",
  "GV": "Gravenbroich",
  "GVM": "Grevesmühlen",
  "GW": "Greifswald Land",
  "GZ": "Günzburg",
  "H": "Hanover (Hannover)",
  "HA": "Hagen",
  "HAB": "Hammelburg",
  "HAL": "Halle",
  "HAM": "Hamm",
  "HAS": "Haßberge",
  "HB": "Hansestadt Bremen",
  "HBN": "Hildburghausen",
  "HBS": "Halberstadt",
  "HC": "Hainichen",
  "HCH": "Hechingen",
  "HD": "Heidelberg & Rhein-Neckar-Kreis",
  "HDH": "Heidenheim",
  "HDL": "Haldensleben",
  "HE": "Helmstedt",
  "HEB": "Hersbruck",
  "HEF": "Hersfeld-Rotenburg",
  "HEI": "Heide & Dithmarschen",
  "HEL": "Hesse State (Hesse Land) official vehicles",
  "HER": "Herne",
  "HET": "Hettstedt",
  "HF": "Herford",
  "HG": "Bad Homburg vor der Höhe & Hochtaunuskreis",
  "HGN": "Hagenow",
  "HGW": "Hansestadt Greifswald",
  "HH": "Hansestadt Hamburg",
  "HHM": "Hohenmölsen",
  "HI": "Hildesheim",
  "HIG": "Heiligenstadt",
  "HIP": "Hilpoltstein",
  "HK": "Heidekreis",
  "HL": "Hansestadt Lübeck",
  "HM": "Hamelin(Hameln)-Pyrmont",
  "HMU": "Hanoversch Münden",
  "HN": "Heilbronn",
  "HO": "Hof",
  "HOG": "Hofgeismar",
  "HOH": "Hofheim",
  "HOL": "Holzminden",
  "HOM": "Homburg & Saar-Pfalz-Kreis",
  "HOR": "Horb",
  "HÖS": "Höchstadt",
  "HOT": "Hohenstein-Ernstthal",
  "HP": "Heppenheim an der Bergstraße & Bergstraße",
  "HR": "Homberg & Schwalm-Eder-Kreis",
  "HRO": "Hansestadt Rostock",
  "HS": "Heinsberg",
  "HSK": "Hochsauerlandkreis",
  "HST": "Hansestadt Stralsund",
  "HU": "Hanau & Main-Kinzig-Kreis",
  "HÜN": "Hünfeld",
  "HUS": "Husum",
  "HV": "Havelberg",
  "HVL": "Havelland",
  "HW": "Halle Westfalen",
  "HWI": "Hansestadt Wismar",
  "HX": "Höxter",
  "HY": "Hoyerswerda",
  "HZ": "Herzberg",
  "IGB": "Stadt St Ingbert & Saar-Pfalz-Kreis",
  "IK": "Ilm-Kreis",
  "IL": "Ilmenau",
  "ILL": "Illertissen",
  "IN": "Ingolstadt",
  "IS": "Iserlohn",
  "IZ": "Itzehoe & Steinburg",
  "J": "Jena",
  "JB": "Jüterbog",
  "JE": "Jessen",
  "JEV": "Jever",
  "JL": "Jerichower Land",
  "JÜL": "Jülich",
  "K": "Cologne (Köln)",
  "KA": "Karlsruhe",
  "KAR": "Karlstadt",
  "KB": "Korbach & Waldeck-Frankenberg",
  "KC": "Kronach",
  "KE": "Kempten (Allgäu)",
  "KEH": "Kelheim",
  "KEL": "Kehl",
  "KEM": "Kemnath",
  "KF": "Kaufbeuren",
  "KG": "Bad Kissingen",
  "KH": "Bad Kreuznach",
  "KI": "Kiel",
  "KIB": "Kirchheimbolanden & Donnersbergkreis",
  "KK": "Kempen-Krefeld",
  "KL": "Kaiserslauten",
  "KLE": "Cleves (Kleve)",
  "KLT": "Klingental",
  "KLZ": "Klötze",
  "KM": "Kamenz",
  "KN": "Constance (Konstanz)",
  "KO": "Koblenz",
  "KÖN": "Kötzting",
  "KÖT": "Köthen",
  "KOZ": "Kotzting",
  "KR": "Krefeld",
  "KRU": "Krumbach",
  "KS": "Kassel",
  "KT": "Kitzingen",
  "KU": "Kulmbach",
  "KÜN": "Küzelsau & Hohenlohekreis",
  "KUS": "Kusel",
  "KW": "Königs-Wusterhausen",
  "KY": "Kyritz",
  "KYF": "Kyffhäuserkreis",
  "L": "Leipzig",
  "LA": "Landshut",
  "LAN": "Landau Isar",
  "LAT": "Lauterbach",
  "LAU": "Lauf an der Pegnitz & Nürnberger Land",
  "LB": "Ludwigsburg",
  "LBS": "Lobenstein",
  "LBZ": "Lübz",
  "LC": "Luckau",
  "LD": "Landau in der Pfalz",
  "LDK": "Lahn-Dill-Kreis",
  "LDS": "Landkreis Dahme-Spreewald",
  "LE": "Lemgo",
  "LEO": "Leonberg",
  "LER": "Leer (Ostfriesland)",
  "LEV": "Leverkusen",
  "LF": "Laufen",
  "LG": "Lüneburg",
  "LH": "Lüdinghausen",
  "LI": "Lindau (Bodensee)",
  "LIB": "Bad Liebenwerda",
  "LIF": "Lichtenfels",
  "LIN": "Lingen",
  "LIP": "Lippe",
  "LK": "Lübbecke",
  "LL": "Landsberg am Lech",
  "LM": "Limburg-Weilburg",
  "LN": "Lübben",
  "LÖ": "Lörrach",
  "LÖB": "Löbau",
  "LOH": "Lohr am Main",
  "LOS": "Landkreis Oder-Spree",
  "LP": "Lippstadt",
  "LR": "Lahr",
  "LS": "Lüdenscheid",
  "LSA": "Saxony Anhalt State official vehicles",
  "LSN": "Saxony State official vehicles",
  "LSZ": "Bad Langensalza",
  "LU": "Ludwigshafen am Rhein",
  "LÜD": "Lüdenscheid",
  "LUK": "Luckenwalde",
  "LÜN": "Lünen",
  "LWL": "Ludwigslust",
  "M": "Munich (München)",
  "MA": "Mannheim",
  "MAB": "Marienberg",
  "MAI": "Mainburg",
  "MAK": "Marktredwitz",
  "MAL": "Mallersdorf",
  "MAR": "Marktheidenfeld",
  "MB": "Miesbach",
  "MC": "Malchin",
  "MD": "Magdeburg",
  "ME": "Mettmann",
  "MED": "Meldorf",
  "MEG": "Melsungen",
  "MEI": "Meissen",
  "MEK": "Mittlerer Erzgebirgskreis",
  "MEL": "Melle",
  "MEP": "Meppen",
  "MER": "Merseburg",
  "MES": "Meschede",
  "MET": "Mellrichstadt",
  "MG": "Mönchengladbach",
  "MGH": "Bad Mergentheim",
  "MGN": "Meiningen",
  "MH": "Mülheim an der Ruhr",
  "MHL": "Mühlhausen",
  "MI": "Minden-Lübbecke",
  "MIL": "Miltenberg",
  "MK": "Märkischer Kreis",
  "MKK": "Main-Kinzig-Kreis",
  "ML": "Mansfelder Land",
  "MM": "Memmingen",
  "MN": "Mindelheim & Unterallgäu",
  "MO": "Moers",
  "MOD": "Marktoberdorf",
  "MOL": "Märkisch-Oderland",
  "MON": "Monschau",
  "MOS": "Mosbach & Neckar-Odenwald-Kreis",
  "MQ": "Merseburg-Querfurt",
  "MR": "Marburg-Biedenkopf",
  "MS": "Münster",
  "MSP": "Main-Spessart-Kreis",
  "MST": "Mecklenburg-Strelitz",
  "MT": "Montabaur",
  "MTK": "Main-Taunus-Kreis",
  "MTL": "Muldentalkreis",
  "MÜ": "Mühldorf am Inn",
  "MÜB": "Münchberg",
  "MÜL": "Müllheim",
  "MÜN": "Münsingen",
  "MÜR": "Müritz",
  "MVL": "Mecklenburg-Vorpommern Land official vehicles",
  "MW": "Mittweida",
  "MY": "Mayen",
  "MYK": "Mayen-Koblenz",
  "MZ": "Mainz & Mainz-Bingen",
  "MZG": "Merzig-Wadern",
  "N": "Nuremberg (Nürnberg)",
  "NAB": "Nabburg",
  "NAI": "Naila",
  "NAU": "Nauen",
  "NB": "Neubrandenburg",
  "ND": "Neuberg an der Donau & Neuberg-Schrobenhausen",
  "NDH": "Nordhausen",
  "NE": "Neuss",
  "NEA": "Neustadt an der Aisch & Bad Windsheim",
  "NEB": "Nebra",
  "NEC": "Neustadt Coburg",
  "NEN": "Neunburg",
  "NES": "Bad Neustadt an der Saale & Rhön-Grabfeld",
  "NEU": "Neustadt Schwarzwald",
  "NEW": "Neustadt an der Waldnaab",
  "NF": "Nordfriesland",
  "NH": "Neuhaus an der Rennweg",
  "NI": "Nienberg (Weser)",
  "NIB": "Niebüll",
  "NK": "Neunkirchen/Saar",
  "NL": "Lower Saxony State official vehicles",
  "NM": "Neumarkt in der Oberpfalz",
  "NMB": "Naumberg",
  "NMS": "Neumünster",
  "NÖ": "Nördlingen",
  "NOH": "Nordhorn & Grafschaft Bentheim",
  "NOL": "Niederschlesischer Oberlausitzkreis",
  "NOM": "Northeim",
  "NOR": "Norden",
  "NP": "Neuruppin",
  "NR": "Neuwied am Rhein",
  "NRÜ": "Neustadt am Rübenberge",
  "NRW": "North-Rhine-Westphalia State official vehicles",
  "NU": "Neu-Ulm",
  "NT": "Nürtingen",
  "NVP": "Nordvorpommern",
  "NW": "Neustadt an der Weinstraße",
  "NWM": "Nordwestmecklenburg",
  "NY": "Niesky",
  "NZ": "Neustrelitz",
  "OA": "Oberallgäu",
  "OAL": "Ostallgäu",
  "OB": "Oberhausen",
  "OBB": "Obernburg",
  "OBG": "Osterburg",
  "OC": "Oschersleben",
  "OCH": "Ochsenfurt",
  "OD": "Bad Oldesloe & Stormarn",
  "OE": "Olpe",
  "OF": "Offenbach am Main",
  "OG": "Offenburg & Ortenaukreis",
  "OH": "Ostholstein",
  "OHA": "Osterode am Harz",
  "ÖHR": "Öhringen",
  "OHV": "Oberhavel",
  "OHZ": "Osterholz",
  "OK": "Ohre-Kreis",
  "OL": "Oldenburg",
  "OLD": "Oldenburg (Holstein)",
  "OP": "Opladen",
  "OPR": "Ostprignitz-Ruppin",
  "OR": "Oranienburg",
  "OS": "Osnabrück",
  "OSL": "Oberspreewald-Lausitz",
  "OTT": "Otterndorf",
  "OTW": "Ottweiler",
  "OVI": "Oberviechtach",
  "OVL": "Obervogtland",
  "OVP": "Ostvorpommern",
  "OZ": "Oschatz",
  "P": "Potsdam",
  "PA": "Passau",
  "PAF": "Pfaffenhofen an der Ilm",
  "PAN": "Pfarrkirchen & Rottal-Inn",
  "PAR": "Parsberg",
  "PB": "Paderborn",
  "PCH": "Parchim",
  "PE": "Peine",
  "PEG": "Pegnitz",
  "PER": "Perleberg",
  "PF": "Pforzheim & Enzkreis",
  "PI": "Pinneberg",
  "PIR": "Pirna",
  "PK": "Pritzwalk",
  "PL": "Plauen",
  "PLÖ": "Plön",
  "PM": "Potsdam-Mittelmark",
  "PN": "Pößneck",
  "PR": "Prignitz",
  "PRÜ": "Prüm",
  "PS": "Pirmasens & Südwestpfalz",
  "PW": "Pasewalk",
  "PZ": "Prenzlau",
  "QFT": "Querfurt",
  "QLB": "Quedlinburg",
  "R": "Regensberg",
  "RA": "Ratstatt",
  "RC": "Reichenbach",
  "RD": "Rendsburg-Eckernförde",
  "RDG": "Ribnitz-Damgarten",
  "RE": "Recklinghausen",
  "REG": "Regen",
  "REH": "Rehau",
  "REI": "Bad Reichenhall",
  "RG": "Riesa-Großenhain",
  "RH": "Roth bei Nürnberg",
  "RI": "Rinteln",
  "RID": "Riedenburg",
  "RIE": "Riesa",
  "RL": "Rochlitz",
  "RM": "Röbel/Muritz",
  "RN": "Rathenow",
  "RO": "Rosenheim",
  "ROD": "Roding",
  "ROF": "Rotenburg bei Fulda",
  "ROH": "Rotenburg Wümme",
  "ROK": "Rockenhausen",
  "ROL": "Rottenburg Laaber",
  "ROS": "Rostock Land",
  "ROT": "Rothenburg ob der Tauber",
  "ROW": "Rotenburg (Wümme) & Bremervörde",
  "RPL": "Rhineland Palatinate State official vehicles",
  "RS": "Remscheid",
  "RSL": "Roßlau",
  "RT": "Reutlingen",
  "RU": "Rudolstadt",
  "RÜD": "Rüdesheim & Rheingau-Taunus-Kreis",
  "RÜG": "Rügen",
  "RV": "Ravensburg",
  "RW": "Rottweil",
  "RWL": "North-Rhine-Westphalia State official vehicles",
  "RY": "Rheydt",
  "RZ": "Ratzeburg & Hertzogtum Lauenburg",
  "S": "Stuttgart",
  "SAB": "Saarburg",
  "SAD": "Schwandorf",
  "SÄK": "Säckingen",
  "SAL": "Saarland official vehicles",
  "SAN": "Stadtsteinach",
  "SAO": "Saale-Orla Kreis",
  "SAW": "Altmarkkreis Salzwedel",
  "SB": "Saarbrücken",
  "SBG": "Strasburg",
  "SBK": "Schönebeck",
  "SC": "Schwabach",
  "SCZ": "Schleiz",
  "SDH": "Sondershausen",
  "SDL": "Stendal",
  "SDT": "Schwedt",
  "SE": "Segeberg",
  "SEB": "Sebnitz",
  "SEE": "Seelow",
  "SEF": "Scheinfeld",
  "SEL": "Selb",
  "SF": "Sonthofen",
  "SFA": "Soltau-Fallingbostel",
  "SFB": "Senftenberg",
  "SFT": "Staßfurt",
  "SG": "Solingen",
  "SGH": "Sangerhausen",
  "SH": "Schleswig-Holstein Land official vehicles",
  "SHA": "Schwäbisch Hall",
  "SHG": "Stadthagen & Schaumburg",
  "SHK": "Saale-Holzland-Kreis",
  "SHL": "Suhl",
  "SHS": "Sangerhausen",
  "SI": "Siegen-Wittgenstein",
  "SIG": "Sigmaringen",
  "SIM": "Simmern & Rhein-Hunsrück-Kreis",
  "SK": "Saalkreis",
  "SL": "Schleswig-Flensburg",
  "SLE": "Schleiden (Eifel)",
  "SLF": "Saalfeld-Rudolstadt",
  "SLG": "Saulgau",
  "SLK": "Salzlandkreis",
  "SLN": "Schmölin",
  "SLS": "Saarlouis",
  "SLÜ": "Schlüchtern",
  "SLZ": "Bad Salzungen",
  "SM": "Schmalkalden-Meiningen",
  "SMÜ": "Schwabmünchen",
  "SN": "Schwerin",
  "SNH": "Sinsheim",
  "SO": "Soest",
  "SOB": "Schrobenhausen",
  "SOG": "Schongau",
  "SOK": "Saale-Orla-Kreis",
  "SOL": "Soltau",
  "SÖM": "Sömmerda",
  "SON": "Sonneberg",
  "SP": "Speyer",
  "SPB": "Spremberg",
  "SPN": "Spree-Neiße",
  "SPR": "Springe",
  "SR": "Straubing & Straubing-Bogen",
  "SRB": "Strausberg",
  "SRO": "Stadtroda",
  "ST": "Steinfurt",
  "STA": "Starnberg",
  "STB": "Sternberg",
  "STD": "Stade",
  "STE": "Staffelstein",
  "STH": "Stadthagen",
  "STL": "Stollberg",
  "STO": "Stockach",
  "SU": "Siegburg & Rhein-Sieg-Kreis",
  "SUL": "Sulzbach-Rosenberg",
  "SÜW": "Südliche Weinstraße",
  "SW": "Schweinfurt",
  "SWA": "Bad Schwalbach & Rheingau-Taunus-Kreis",
  "SWZ": "Schwarzakreis",
  "SY": "Syke",
  "SZ": "Salzgitter",
  "SZB": "Schwarzenberg",
  "TBB": "Tauberbischofsheim & Main-Tauber-Kreis",
  "TE": "Teterow",
  "TF": "Teltow-Fläming",
  "TG": "Torgau",
  "TGO": "Thurgau-Oschatz",
  "THL": "Thuringia State (Thüringen Land) official vehicles",
  "THW": "German Federal Agency for Technical Relief vehicles",
  "TIR": "Tirschenreuth",
  "TO": "Torgau-Oschatz",
  "TÖL": "Bad Tölz-Wolfratshausen",
  "TÖN": "Tönning",
  "TP": "Templin",
  "TR": "Trier",
  "TS": "Traunstein",
  "TT": "Tettnang",
  "TÜ": "Tübingen",
  "TUT": "Tuttlingen",
  "ÜB": "Überlingen",
  "UE": "Uelzen",
  "UEM": "Ueckermünde",
  "UER": "Uecker-Randow",
  "UFF": "Uffenheim",
  "UH": "Unstrut-Hainich",
  "UL": "Ulm & Alb-Donau-Kreis",
  "UM": "Uckermark",
  "UN": "Unna",
  "USI": "Usingen",
  "V": "Vogtlandkreis",
  "VAI": "Vaihingen",
  "VB": "Vogelsbergkreis",
  "VEC": "Vechta",
  "VER": "Verden",
  "VIB": "Vilsbiburg",
  "VIE": "Viersen",
  "VIT": "Viechtach",
  "VK": "Völklingen",
  "VL": "Villingen",
  "VOF": "Vilshofen",
  "VOH": "Vohenstrauß",
  "VR": "Vorpommern-Rügen",
  "VS": "Villingen-Schwenningen & Schwarzwald-Baar-Kreis",
  "W": "Wuppertal",
  "WA": "Waldeck",
  "WAF": "Kreis Warendorf",
  "WAK": "Wartburgkreis",
  "WAM": "Westliche Altmark",
  "WAN": "Wanne-Eickel",
  "WAR": "Warburg",
  "WAT": "Wattenscheid",
  "WB": "Wittenberg",
  "WBS": "Worbis",
  "WD": "Weidenbrück",
  "WDA": "Werdau",
  "WE": "Weimar",
  "WEB": "Westerburg",
  "WEG": "Wegscheid",
  "WEI": "Weimarer Land (Kreis Apolda)",
  "WEL": "Weilburg",
  "WEM": "Wesermünde",
  "WEN": "Weiden in der Oberpfalz",
  "WER": "Wertingen",
  "WES": "Wesel",
  "WF": "Wolfenbüttel",
  "WG": "Wangen",
  "WHV": "Wilhelmshaven",
  "WI": "Wiesbaden",
  "WIL": "Wittlich & Bernkastel-Wittlich",
  "WIS": "Wismarer Land",
  "WIT": "Witten",
  "WIZ": "Witzenhausen",
  "WK": "Wittstock",
  "WL": "Winsen (Luhe) & Harburg",
  "WLG": "Wolgast",
  "WM": "Weilheim-Schongau",
  "WMS": "Wolmirstedt",
  "WN": "Waiblingen & Rems-Murr-Kreis",
  "WND": "St Wendel",
  "WO": "Worms",
  "WOB": "Wolfsburg",
  "WOH": "Wolfhagen",
  "WOL": "Wolfach",
  "WOR": "Wolfratshausen",
  "WOS": "Wolfstein",
  "WR": "Wernigerode",
  "WRN": "Waren",
  "WS": "Wasserburg",
  "WSF": "Weißenfels",
  "WST": "Westerstede & Ammerland",
  "WSW": "Weißwasser",
  "WT": "Waldshut",
  "WTL": "Wittlage",
  "WTM": "Wittmund",
  "WÜ": "Würzburg",
  "WUG": "Weißenburg-Gunzenhausen",
  "WUM": "Waldmünchen",
  "WUN": "Wunsiedel am Fichtelgebirge",
  "WUR": "Wurzen",
  "WW": "Westerwaldkreis",
  "WZ": "Wetzlar",
  "WZL": "Wanzleben",
  "X": "NATO Forces vehicles",
  "Y": "Armed Forces vehicles",
  "Z": "Zwickauer Land",
  "ZE": "Zerbst",
  "ZEL": "Zell",
  "ZI": "Löbau-Zittau",
  "ZIG": "Ziegenhain",
  "ZP": "Zschopau",
  "ZR": "Zeulenroda",
  "ZS": "Zossen",
  "ZW": "Zweibrücken",
  "ZZ": "Zeitz"
}